p_value	contig_family	contig_genus	contig_species	contig_genome	compare_family	compare_genus	compare_species	compare_genome	contig_id
-159491.071346	Anaplasmataceae	Ehrlichia	Ehrlichia canis	Ehrlichia_canis_Jake_uid58071	Anaplasmataceae	Ehrlichia	Ehrlichia canis	Ehrlichia_canis_Jake_uid58071	1000
-159498.216296	Anaplasmataceae	Ehrlichia	Ehrlichia canis	Ehrlichia_canis_Jake_uid58071	Anaplasmataceae	Ehrlichia	Ehrlichia ruminantium	Ehrlichia_ruminantium_Welgevonden_uid58243	1000
-159516.246629	Anaplasmataceae	Ehrlichia	Ehrlichia canis	Ehrlichia_canis_Jake_uid58071	Anaplasmataceae	Ehrlichia	Ehrlichia chaffeensis	Ehrlichia_chaffeensis_Arkansas_uid57933	1000
-161783.545160	Anaplasmataceae	Ehrlichia	Ehrlichia canis	Ehrlichia_canis_Jake_uid58071	Flavobacteriaceae	Cellulophaga	Cellulophaga algicola	Cellulophaga_algicola_DSM_14237_uid62159	1000
-160421.622604	Anaplasmataceae	Ehrlichia	Ehrlichia canis	Ehrlichia_canis_Jake_uid58071	Flavobacteriaceae	Cellulophaga	Cellulophaga lytica	Cellulophaga_lytica_DSM_7489_uid63401	1000
-161201.143262	Anaplasmataceae	Ehrlichia	Ehrlichia canis	Ehrlichia_canis_Jake_uid58071	Flavobacteriaceae	Capnocytophaga	Capnocytophaga canimorsus	Capnocytophaga_canimorsus_Cc5_uid70727	1000
-161589.714803	Anaplasmataceae	Ehrlichia	Ehrlichia canis	Ehrlichia_canis_Jake_uid58071	Flavobacteriaceae	Capnocytophaga	Capnocytophaga ochracea	Capnocytophaga_ochracea_DSM_7271_uid59197	1000
-160358.575135	Anaplasmataceae	Ehrlichia	Ehrlichia canis	Ehrlichia_canis_Jake_uid58071	Anaplasmataceae	Ehrlichia	Ehrlichia canis	Ehrlichia_canis_Jake_uid58071	1001
-160557.921380	Anaplasmataceae	Ehrlichia	Ehrlichia canis	Ehrlichia_canis_Jake_uid58071	Anaplasmataceae	Ehrlichia	Ehrlichia ruminantium	Ehrlichia_ruminantium_Welgevonden_uid58243	1001
-160348.952161	Anaplasmataceae	Ehrlichia	Ehrlichia canis	Ehrlichia_canis_Jake_uid58071	Anaplasmataceae	Ehrlichia	Ehrlichia chaffeensis	Ehrlichia_chaffeensis_Arkansas_uid57933	1001
-162144.981527	Anaplasmataceae	Ehrlichia	Ehrlichia canis	Ehrlichia_canis_Jake_uid58071	Flavobacteriaceae	Cellulophaga	Cellulophaga algicola	Cellulophaga_algicola_DSM_14237_uid62159	1001
-160974.173358	Anaplasmataceae	Ehrlichia	Ehrlichia canis	Ehrlichia_canis_Jake_uid58071	Flavobacteriaceae	Cellulophaga	Cellulophaga lytica	Cellulophaga_lytica_DSM_7489_uid63401	1001
-161641.152928	Anaplasmataceae	Ehrlichia	Ehrlichia canis	Ehrlichia_canis_Jake_uid58071	Flavobacteriaceae	Capnocytophaga	Capnocytophaga canimorsus	Capnocytophaga_canimorsus_Cc5_uid70727	1001
-161743.243181	Anaplasmataceae	Ehrlichia	Ehrlichia canis	Ehrlichia_canis_Jake_uid58071	Flavobacteriaceae	Capnocytophaga	Capnocytophaga ochracea	Capnocytophaga_ochracea_DSM_7271_uid59197	1001
-158916.882387	Anaplasmataceae	Ehrlichia	Ehrlichia canis	Ehrlichia_canis_Jake_uid58071	Anaplasmataceae	Ehrlichia	Ehrlichia canis	Ehrlichia_canis_Jake_uid58071	1002
-158935.139351	Anaplasmataceae	Ehrlichia	Ehrlichia canis	Ehrlichia_canis_Jake_uid58071	Anaplasmataceae	Ehrlichia	Ehrlichia ruminantium	Ehrlichia_ruminantium_Welgevonden_uid58243	1002
-159039.501446	Anaplasmataceae	Ehrlichia	Ehrlichia canis	Ehrlichia_canis_Jake_uid58071	Anaplasmataceae	Ehrlichia	Ehrlichia chaffeensis	Ehrlichia_chaffeensis_Arkansas_uid57933	1002
-161281.907611	Anaplasmataceae	Ehrlichia	Ehrlichia canis	Ehrlichia_canis_Jake_uid58071	Flavobacteriaceae	Cellulophaga	Cellulophaga algicola	Cellulophaga_algicola_DSM_14237_uid62159	1002
-159974.853264	Anaplasmataceae	Ehrlichia	Ehrlichia canis	Ehrlichia_canis_Jake_uid58071	Flavobacteriaceae	Cellulophaga	Cellulophaga lytica	Cellulophaga_lytica_DSM_7489_uid63401	1002
-160954.070833	Anaplasmataceae	Ehrlichia	Ehrlichia canis	Ehrlichia_canis_Jake_uid58071	Flavobacteriaceae	Capnocytophaga	Capnocytophaga canimorsus	Capnocytophaga_canimorsus_Cc5_uid70727	1002
-161192.563809	Anaplasmataceae	Ehrlichia	Ehrlichia canis	Ehrlichia_canis_Jake_uid58071	Flavobacteriaceae	Capnocytophaga	Capnocytophaga ochracea	Capnocytophaga_ochracea_DSM_7271_uid59197	1002
-159410.154950	Anaplasmataceae	Ehrlichia	Ehrlichia ruminantium	Ehrlichia_ruminantium_Welgevonden_uid58243	Anaplasmataceae	Ehrlichia	Ehrlichia canis	Ehrlichia_canis_Jake_uid58071	1003
-159325.032579	Anaplasmataceae	Ehrlichia	Ehrlichia ruminantium	Ehrlichia_ruminantium_Welgevonden_uid58243	Anaplasmataceae	Ehrlichia	Ehrlichia ruminantium	Ehrlichia_ruminantium_Welgevonden_uid58243	1003
-159449.073245	Anaplasmataceae	Ehrlichia	Ehrlichia ruminantium	Ehrlichia_ruminantium_Welgevonden_uid58243	Anaplasmataceae	Ehrlichia	Ehrlichia chaffeensis	Ehrlichia_chaffeensis_Arkansas_uid57933	1003
-161464.603498	Anaplasmataceae	Ehrlichia	Ehrlichia ruminantium	Ehrlichia_ruminantium_Welgevonden_uid58243	Flavobacteriaceae	Cellulophaga	Cellulophaga algicola	Cellulophaga_algicola_DSM_14237_uid62159	1003
-160380.425803	Anaplasmataceae	Ehrlichia	Ehrlichia ruminantium	Ehrlichia_ruminantium_Welgevonden_uid58243	Flavobacteriaceae	Cellulophaga	Cellulophaga lytica	Cellulophaga_lytica_DSM_7489_uid63401	1003
-161324.137480	Anaplasmataceae	Ehrlichia	Ehrlichia ruminantium	Ehrlichia_ruminantium_Welgevonden_uid58243	Flavobacteriaceae	Capnocytophaga	Capnocytophaga canimorsus	Capnocytophaga_canimorsus_Cc5_uid70727	1003
-161570.269270	Anaplasmataceae	Ehrlichia	Ehrlichia ruminantium	Ehrlichia_ruminantium_Welgevonden_uid58243	Flavobacteriaceae	Capnocytophaga	Capnocytophaga ochracea	Capnocytophaga_ochracea_DSM_7271_uid59197	1003
-158300.354789	Anaplasmataceae	Ehrlichia	Ehrlichia ruminantium	Ehrlichia_ruminantium_Welgevonden_uid58243	Anaplasmataceae	Ehrlichia	Ehrlichia canis	Ehrlichia_canis_Jake_uid58071	1004
-158119.943810	Anaplasmataceae	Ehrlichia	Ehrlichia ruminantium	Ehrlichia_ruminantium_Welgevonden_uid58243	Anaplasmataceae	Ehrlichia	Ehrlichia ruminantium	Ehrlichia_ruminantium_Welgevonden_uid58243	1004
-158403.114221	Anaplasmataceae	Ehrlichia	Ehrlichia ruminantium	Ehrlichia_ruminantium_Welgevonden_uid58243	Anaplasmataceae	Ehrlichia	Ehrlichia chaffeensis	Ehrlichia_chaffeensis_Arkansas_uid57933	1004
-160619.138162	Anaplasmataceae	Ehrlichia	Ehrlichia ruminantium	Ehrlichia_ruminantium_Welgevonden_uid58243	Flavobacteriaceae	Cellulophaga	Cellulophaga algicola	Cellulophaga_algicola_DSM_14237_uid62159	1004
-159434.520372	Anaplasmataceae	Ehrlichia	Ehrlichia ruminantium	Ehrlichia_ruminantium_Welgevonden_uid58243	Flavobacteriaceae	Cellulophaga	Cellulophaga lytica	Cellulophaga_lytica_DSM_7489_uid63401	1004
-160416.016323	Anaplasmataceae	Ehrlichia	Ehrlichia ruminantium	Ehrlichia_ruminantium_Welgevonden_uid58243	Flavobacteriaceae	Capnocytophaga	Capnocytophaga canimorsus	Capnocytophaga_canimorsus_Cc5_uid70727	1004
-160942.845939	Anaplasmataceae	Ehrlichia	Ehrlichia ruminantium	Ehrlichia_ruminantium_Welgevonden_uid58243	Flavobacteriaceae	Capnocytophaga	Capnocytophaga ochracea	Capnocytophaga_ochracea_DSM_7271_uid59197	1004
-159343.439704	Anaplasmataceae	Ehrlichia	Ehrlichia ruminantium	Ehrlichia_ruminantium_Welgevonden_uid58243	Anaplasmataceae	Ehrlichia	Ehrlichia canis	Ehrlichia_canis_Jake_uid58071	1005
-159263.482281	Anaplasmataceae	Ehrlichia	Ehrlichia ruminantium	Ehrlichia_ruminantium_Welgevonden_uid58243	Anaplasmataceae	Ehrlichia	Ehrlichia ruminantium	Ehrlichia_ruminantium_Welgevonden_uid58243	1005
-159402.703819	Anaplasmataceae	Ehrlichia	Ehrlichia ruminantium	Ehrlichia_ruminantium_Welgevonden_uid58243	Anaplasmataceae	Ehrlichia	Ehrlichia chaffeensis	Ehrlichia_chaffeensis_Arkansas_uid57933	1005
-161704.294346	Anaplasmataceae	Ehrlichia	Ehrlichia ruminantium	Ehrlichia_ruminantium_Welgevonden_uid58243	Flavobacteriaceae	Cellulophaga	Cellulophaga algicola	Cellulophaga_algicola_DSM_14237_uid62159	1005
-160470.621802	Anaplasmataceae	Ehrlichia	Ehrlichia ruminantium	Ehrlichia_ruminantium_Welgevonden_uid58243	Flavobacteriaceae	Cellulophaga	Cellulophaga lytica	Cellulophaga_lytica_DSM_7489_uid63401	1005
-161429.743850	Anaplasmataceae	Ehrlichia	Ehrlichia ruminantium	Ehrlichia_ruminantium_Welgevonden_uid58243	Flavobacteriaceae	Capnocytophaga	Capnocytophaga canimorsus	Capnocytophaga_canimorsus_Cc5_uid70727	1005
-161618.676948	Anaplasmataceae	Ehrlichia	Ehrlichia ruminantium	Ehrlichia_ruminantium_Welgevonden_uid58243	Flavobacteriaceae	Capnocytophaga	Capnocytophaga ochracea	Capnocytophaga_ochracea_DSM_7271_uid59197	1005
-160423.179894	Anaplasmataceae	Ehrlichia	Ehrlichia chaffeensis	Ehrlichia_chaffeensis_Arkansas_uid57933	Anaplasmataceae	Ehrlichia	Ehrlichia canis	Ehrlichia_canis_Jake_uid58071	1006
-160514.297244	Anaplasmataceae	Ehrlichia	Ehrlichia chaffeensis	Ehrlichia_chaffeensis_Arkansas_uid57933	Anaplasmataceae	Ehrlichia	Ehrlichia ruminantium	Ehrlichia_ruminantium_Welgevonden_uid58243	1006
-160394.403018	Anaplasmataceae	Ehrlichia	Ehrlichia chaffeensis	Ehrlichia_chaffeensis_Arkansas_uid57933	Anaplasmataceae	Ehrlichia	Ehrlichia chaffeensis	Ehrlichia_chaffeensis_Arkansas_uid57933	1006
-162507.370209	Anaplasmataceae	Ehrlichia	Ehrlichia chaffeensis	Ehrlichia_chaffeensis_Arkansas_uid57933	Flavobacteriaceae	Cellulophaga	Cellulophaga algicola	Cellulophaga_algicola_DSM_14237_uid62159	1006
-161078.981912	Anaplasmataceae	Ehrlichia	Ehrlichia chaffeensis	Ehrlichia_chaffeensis_Arkansas_uid57933	Flavobacteriaceae	Cellulophaga	Cellulophaga lytica	Cellulophaga_lytica_DSM_7489_uid63401	1006
-161711.618095	Anaplasmataceae	Ehrlichia	Ehrlichia chaffeensis	Ehrlichia_chaffeensis_Arkansas_uid57933	Flavobacteriaceae	Capnocytophaga	Capnocytophaga canimorsus	Capnocytophaga_canimorsus_Cc5_uid70727	1006
-161894.348623	Anaplasmataceae	Ehrlichia	Ehrlichia chaffeensis	Ehrlichia_chaffeensis_Arkansas_uid57933	Flavobacteriaceae	Capnocytophaga	Capnocytophaga ochracea	Capnocytophaga_ochracea_DSM_7271_uid59197	1006
-159846.708507	Anaplasmataceae	Ehrlichia	Ehrlichia chaffeensis	Ehrlichia_chaffeensis_Arkansas_uid57933	Anaplasmataceae	Ehrlichia	Ehrlichia canis	Ehrlichia_canis_Jake_uid58071	1007
-159903.675632	Anaplasmataceae	Ehrlichia	Ehrlichia chaffeensis	Ehrlichia_chaffeensis_Arkansas_uid57933	Anaplasmataceae	Ehrlichia	Ehrlichia ruminantium	Ehrlichia_ruminantium_Welgevonden_uid58243	1007
-159875.432134	Anaplasmataceae	Ehrlichia	Ehrlichia chaffeensis	Ehrlichia_chaffeensis_Arkansas_uid57933	Anaplasmataceae	Ehrlichia	Ehrlichia chaffeensis	Ehrlichia_chaffeensis_Arkansas_uid57933	1007
-161974.408432	Anaplasmataceae	Ehrlichia	Ehrlichia chaffeensis	Ehrlichia_chaffeensis_Arkansas_uid57933	Flavobacteriaceae	Cellulophaga	Cellulophaga algicola	Cellulophaga_algicola_DSM_14237_uid62159	1007
-160714.817293	Anaplasmataceae	Ehrlichia	Ehrlichia chaffeensis	Ehrlichia_chaffeensis_Arkansas_uid57933	Flavobacteriaceae	Cellulophaga	Cellulophaga lytica	Cellulophaga_lytica_DSM_7489_uid63401	1007
-161428.244070	Anaplasmataceae	Ehrlichia	Ehrlichia chaffeensis	Ehrlichia_chaffeensis_Arkansas_uid57933	Flavobacteriaceae	Capnocytophaga	Capnocytophaga canimorsus	Capnocytophaga_canimorsus_Cc5_uid70727	1007
-161709.174423	Anaplasmataceae	Ehrlichia	Ehrlichia chaffeensis	Ehrlichia_chaffeensis_Arkansas_uid57933	Flavobacteriaceae	Capnocytophaga	Capnocytophaga ochracea	Capnocytophaga_ochracea_DSM_7271_uid59197	1007
-160789.573964	Anaplasmataceae	Ehrlichia	Ehrlichia chaffeensis	Ehrlichia_chaffeensis_Arkansas_uid57933	Anaplasmataceae	Ehrlichia	Ehrlichia canis	Ehrlichia_canis_Jake_uid58071	1008
-160920.144156	Anaplasmataceae	Ehrlichia	Ehrlichia chaffeensis	Ehrlichia_chaffeensis_Arkansas_uid57933	Anaplasmataceae	Ehrlichia	Ehrlichia ruminantium	Ehrlichia_ruminantium_Welgevonden_uid58243	1008
-160716.065876	Anaplasmataceae	Ehrlichia	Ehrlichia chaffeensis	Ehrlichia_chaffeensis_Arkansas_uid57933	Anaplasmataceae	Ehrlichia	Ehrlichia chaffeensis	Ehrlichia_chaffeensis_Arkansas_uid57933	1008
-162527.464995	Anaplasmataceae	Ehrlichia	Ehrlichia chaffeensis	Ehrlichia_chaffeensis_Arkansas_uid57933	Flavobacteriaceae	Cellulophaga	Cellulophaga algicola	Cellulophaga_algicola_DSM_14237_uid62159	1008
-161152.776129	Anaplasmataceae	Ehrlichia	Ehrlichia chaffeensis	Ehrlichia_chaffeensis_Arkansas_uid57933	Flavobacteriaceae	Cellulophaga	Cellulophaga lytica	Cellulophaga_lytica_DSM_7489_uid63401	1008
-161727.026983	Anaplasmataceae	Ehrlichia	Ehrlichia chaffeensis	Ehrlichia_chaffeensis_Arkansas_uid57933	Flavobacteriaceae	Capnocytophaga	Capnocytophaga canimorsus	Capnocytophaga_canimorsus_Cc5_uid70727	1008
-161784.596850	Anaplasmataceae	Ehrlichia	Ehrlichia chaffeensis	Ehrlichia_chaffeensis_Arkansas_uid57933	Flavobacteriaceae	Capnocytophaga	Capnocytophaga ochracea	Capnocytophaga_ochracea_DSM_7271_uid59197	1008
-161660.573667	Flavobacteriaceae	Cellulophaga	Cellulophaga algicola	Cellulophaga_algicola_DSM_14237_uid62159	Anaplasmataceae	Ehrlichia	Ehrlichia canis	Ehrlichia_canis_Jake_uid58071	1009
-161885.490795	Flavobacteriaceae	Cellulophaga	Cellulophaga algicola	Cellulophaga_algicola_DSM_14237_uid62159	Anaplasmataceae	Ehrlichia	Ehrlichia ruminantium	Ehrlichia_ruminantium_Welgevonden_uid58243	1009
-161515.464943	Flavobacteriaceae	Cellulophaga	Cellulophaga algicola	Cellulophaga_algicola_DSM_14237_uid62159	Anaplasmataceae	Ehrlichia	Ehrlichia chaffeensis	Ehrlichia_chaffeensis_Arkansas_uid57933	1009
-162782.136500	Flavobacteriaceae	Cellulophaga	Cellulophaga algicola	Cellulophaga_algicola_DSM_14237_uid62159	Flavobacteriaceae	Cellulophaga	Cellulophaga algicola	Cellulophaga_algicola_DSM_14237_uid62159	1009
-161310.897013	Flavobacteriaceae	Cellulophaga	Cellulophaga algicola	Cellulophaga_algicola_DSM_14237_uid62159	Flavobacteriaceae	Cellulophaga	Cellulophaga lytica	Cellulophaga_lytica_DSM_7489_uid63401	1009
-161580.698719	Flavobacteriaceae	Cellulophaga	Cellulophaga algicola	Cellulophaga_algicola_DSM_14237_uid62159	Flavobacteriaceae	Capnocytophaga	Capnocytophaga canimorsus	Capnocytophaga_canimorsus_Cc5_uid70727	1009
-161877.474175	Flavobacteriaceae	Cellulophaga	Cellulophaga algicola	Cellulophaga_algicola_DSM_14237_uid62159	Flavobacteriaceae	Capnocytophaga	Capnocytophaga ochracea	Capnocytophaga_ochracea_DSM_7271_uid59197	1009
-161156.251361	Flavobacteriaceae	Cellulophaga	Cellulophaga algicola	Cellulophaga_algicola_DSM_14237_uid62159	Anaplasmataceae	Ehrlichia	Ehrlichia canis	Ehrlichia_canis_Jake_uid58071	1010
-161314.159538	Flavobacteriaceae	Cellulophaga	Cellulophaga algicola	Cellulophaga_algicola_DSM_14237_uid62159	Anaplasmataceae	Ehrlichia	Ehrlichia ruminantium	Ehrlichia_ruminantium_Welgevonden_uid58243	1010
-161040.188810	Flavobacteriaceae	Cellulophaga	Cellulophaga algicola	Cellulophaga_algicola_DSM_14237_uid62159	Anaplasmataceae	Ehrlichia	Ehrlichia chaffeensis	Ehrlichia_chaffeensis_Arkansas_uid57933	1010
-162327.842560	Flavobacteriaceae	Cellulophaga	Cellulophaga algicola	Cellulophaga_algicola_DSM_14237_uid62159	Flavobacteriaceae	Cellulophaga	Cellulophaga algicola	Cellulophaga_algicola_DSM_14237_uid62159	1010
-160982.725200	Flavobacteriaceae	Cellulophaga	Cellulophaga algicola	Cellulophaga_algicola_DSM_14237_uid62159	Flavobacteriaceae	Cellulophaga	Cellulophaga lytica	Cellulophaga_lytica_DSM_7489_uid63401	1010
-161028.491787	Flavobacteriaceae	Cellulophaga	Cellulophaga algicola	Cellulophaga_algicola_DSM_14237_uid62159	Flavobacteriaceae	Capnocytophaga	Capnocytophaga canimorsus	Capnocytophaga_canimorsus_Cc5_uid70727	1010
-161413.441761	Flavobacteriaceae	Cellulophaga	Cellulophaga algicola	Cellulophaga_algicola_DSM_14237_uid62159	Flavobacteriaceae	Capnocytophaga	Capnocytophaga ochracea	Capnocytophaga_ochracea_DSM_7271_uid59197	1010
-161290.057345	Flavobacteriaceae	Cellulophaga	Cellulophaga algicola	Cellulophaga_algicola_DSM_14237_uid62159	Anaplasmataceae	Ehrlichia	Ehrlichia canis	Ehrlichia_canis_Jake_uid58071	1011
-161453.794499	Flavobacteriaceae	Cellulophaga	Cellulophaga algicola	Cellulophaga_algicola_DSM_14237_uid62159	Anaplasmataceae	Ehrlichia	Ehrlichia ruminantium	Ehrlichia_ruminantium_Welgevonden_uid58243	1011
-161175.007720	Flavobacteriaceae	Cellulophaga	Cellulophaga algicola	Cellulophaga_algicola_DSM_14237_uid62159	Anaplasmataceae	Ehrlichia	Ehrlichia chaffeensis	Ehrlichia_chaffeensis_Arkansas_uid57933	1011
-162494.542993	Flavobacteriaceae	Cellulophaga	Cellulophaga algicola	Cellulophaga_algicola_DSM_14237_uid62159	Flavobacteriaceae	Cellulophaga	Cellulophaga algicola	Cellulophaga_algicola_DSM_14237_uid62159	1011
-161016.104888	Flavobacteriaceae	Cellulophaga	Cellulophaga algicola	Cellulophaga_algicola_DSM_14237_uid62159	Flavobacteriaceae	Cellulophaga	Cellulophaga lytica	Cellulophaga_lytica_DSM_7489_uid63401	1011
-161364.244819	Flavobacteriaceae	Cellulophaga	Cellulophaga algicola	Cellulophaga_algicola_DSM_14237_uid62159	Flavobacteriaceae	Capnocytophaga	Capnocytophaga canimorsus	Capnocytophaga_canimorsus_Cc5_uid70727	1011
-161624.755165	Flavobacteriaceae	Cellulophaga	Cellulophaga algicola	Cellulophaga_algicola_DSM_14237_uid62159	Flavobacteriaceae	Capnocytophaga	Capnocytophaga ochracea	Capnocytophaga_ochracea_DSM_7271_uid59197	1011
-161695.361007	Flavobacteriaceae	Cellulophaga	Cellulophaga algicola	Cellulophaga_algicola_DSM_14237_uid62159	Anaplasmataceae	Ehrlichia	Ehrlichia canis	Ehrlichia_canis_Jake_uid58071	1012
-161923.605426	Flavobacteriaceae	Cellulophaga	Cellulophaga algicola	Cellulophaga_algicola_DSM_14237_uid62159	Anaplasmataceae	Ehrlichia	Ehrlichia ruminantium	Ehrlichia_ruminantium_Welgevonden_uid58243	1012
-161552.138217	Flavobacteriaceae	Cellulophaga	Cellulophaga algicola	Cellulophaga_algicola_DSM_14237_uid62159	Anaplasmataceae	Ehrlichia	Ehrlichia chaffeensis	Ehrlichia_chaffeensis_Arkansas_uid57933	1012
-162843.114969	Flavobacteriaceae	Cellulophaga	Cellulophaga algicola	Cellulophaga_algicola_DSM_14237_uid62159	Flavobacteriaceae	Cellulophaga	Cellulophaga algicola	Cellulophaga_algicola_DSM_14237_uid62159	1012
-161497.108074	Flavobacteriaceae	Cellulophaga	Cellulophaga algicola	Cellulophaga_algicola_DSM_14237_uid62159	Flavobacteriaceae	Cellulophaga	Cellulophaga lytica	Cellulophaga_lytica_DSM_7489_uid63401	1012
-161636.549022	Flavobacteriaceae	Cellulophaga	Cellulophaga algicola	Cellulophaga_algicola_DSM_14237_uid62159	Flavobacteriaceae	Capnocytophaga	Capnocytophaga canimorsus	Capnocytophaga_canimorsus_Cc5_uid70727	1012
-161926.463636	Flavobacteriaceae	Cellulophaga	Cellulophaga algicola	Cellulophaga_algicola_DSM_14237_uid62159	Flavobacteriaceae	Capnocytophaga	Capnocytophaga ochracea	Capnocytophaga_ochracea_DSM_7271_uid59197	1012
-161449.229091	Flavobacteriaceae	Cellulophaga	Cellulophaga algicola	Cellulophaga_algicola_DSM_14237_uid62159	Anaplasmataceae	Ehrlichia	Ehrlichia canis	Ehrlichia_canis_Jake_uid58071	1013
-161738.297077	Flavobacteriaceae	Cellulophaga	Cellulophaga algicola	Cellulophaga_algicola_DSM_14237_uid62159	Anaplasmataceae	Ehrlichia	Ehrlichia ruminantium	Ehrlichia_ruminantium_Welgevonden_uid58243	1013
-161358.719582	Flavobacteriaceae	Cellulophaga	Cellulophaga algicola	Cellulophaga_algicola_DSM_14237_uid62159	Anaplasmataceae	Ehrlichia	Ehrlichia chaffeensis	Ehrlichia_chaffeensis_Arkansas_uid57933	1013
-162582.104674	Flavobacteriaceae	Cellulophaga	Cellulophaga algicola	Cellulophaga_algicola_DSM_14237_uid62159	Flavobacteriaceae	Cellulophaga	Cellulophaga algicola	Cellulophaga_algicola_DSM_14237_uid62159	1013
-161067.735289	Flavobacteriaceae	Cellulophaga	Cellulophaga algicola	Cellulophaga_algicola_DSM_14237_uid62159	Flavobacteriaceae	Cellulophaga	Cellulophaga lytica	Cellulophaga_lytica_DSM_7489_uid63401	1013
-161303.694704	Flavobacteriaceae	Cellulophaga	Cellulophaga algicola	Cellulophaga_algicola_DSM_14237_uid62159	Flavobacteriaceae	Capnocytophaga	Capnocytophaga canimorsus	Capnocytophaga_canimorsus_Cc5_uid70727	1013
-161613.132054	Flavobacteriaceae	Cellulophaga	Cellulophaga algicola	Cellulophaga_algicola_DSM_14237_uid62159	Flavobacteriaceae	Capnocytophaga	Capnocytophaga ochracea	Capnocytophaga_ochracea_DSM_7271_uid59197	1013
-161076.259050	Flavobacteriaceae	Cellulophaga	Cellulophaga lytica	Cellulophaga_lytica_DSM_7489_uid63401	Anaplasmataceae	Ehrlichia	Ehrlichia canis	Ehrlichia_canis_Jake_uid58071	1014
-161271.632725	Flavobacteriaceae	Cellulophaga	Cellulophaga lytica	Cellulophaga_lytica_DSM_7489_uid63401	Anaplasmataceae	Ehrlichia	Ehrlichia ruminantium	Ehrlichia_ruminantium_Welgevonden_uid58243	1014
-161026.222470	Flavobacteriaceae	Cellulophaga	Cellulophaga lytica	Cellulophaga_lytica_DSM_7489_uid63401	Anaplasmataceae	Ehrlichia	Ehrlichia chaffeensis	Ehrlichia_chaffeensis_Arkansas_uid57933	1014
-162409.305257	Flavobacteriaceae	Cellulophaga	Cellulophaga lytica	Cellulophaga_lytica_DSM_7489_uid63401	Flavobacteriaceae	Cellulophaga	Cellulophaga algicola	Cellulophaga_algicola_DSM_14237_uid62159	1014
-160416.585866	Flavobacteriaceae	Cellulophaga	Cellulophaga lytica	Cellulophaga_lytica_DSM_7489_uid63401	Flavobacteriaceae	Cellulophaga	Cellulophaga lytica	Cellulophaga_lytica_DSM_7489_uid63401	1014
-161604.407926	Flavobacteriaceae	Cellulophaga	Cellulophaga lytica	Cellulophaga_lytica_DSM_7489_uid63401	Flavobacteriaceae	Capnocytophaga	Capnocytophaga canimorsus	Capnocytophaga_canimorsus_Cc5_uid70727	1014
-161810.882167	Flavobacteriaceae	Cellulophaga	Cellulophaga lytica	Cellulophaga_lytica_DSM_7489_uid63401	Flavobacteriaceae	Capnocytophaga	Capnocytophaga ochracea	Capnocytophaga_ochracea_DSM_7271_uid59197	1014
-161222.939440	Flavobacteriaceae	Cellulophaga	Cellulophaga lytica	Cellulophaga_lytica_DSM_7489_uid63401	Anaplasmataceae	Ehrlichia	Ehrlichia canis	Ehrlichia_canis_Jake_uid58071	1015
-161421.572020	Flavobacteriaceae	Cellulophaga	Cellulophaga lytica	Cellulophaga_lytica_DSM_7489_uid63401	Anaplasmataceae	Ehrlichia	Ehrlichia ruminantium	Ehrlichia_ruminantium_Welgevonden_uid58243	1015
-161115.766026	Flavobacteriaceae	Cellulophaga	Cellulophaga lytica	Cellulophaga_lytica_DSM_7489_uid63401	Anaplasmataceae	Ehrlichia	Ehrlichia chaffeensis	Ehrlichia_chaffeensis_Arkansas_uid57933	1015
-162379.072263	Flavobacteriaceae	Cellulophaga	Cellulophaga lytica	Cellulophaga_lytica_DSM_7489_uid63401	Flavobacteriaceae	Cellulophaga	Cellulophaga algicola	Cellulophaga_algicola_DSM_14237_uid62159	1015
-160311.253086	Flavobacteriaceae	Cellulophaga	Cellulophaga lytica	Cellulophaga_lytica_DSM_7489_uid63401	Flavobacteriaceae	Cellulophaga	Cellulophaga lytica	Cellulophaga_lytica_DSM_7489_uid63401	1015
-161605.307745	Flavobacteriaceae	Cellulophaga	Cellulophaga lytica	Cellulophaga_lytica_DSM_7489_uid63401	Flavobacteriaceae	Capnocytophaga	Capnocytophaga canimorsus	Capnocytophaga_canimorsus_Cc5_uid70727	1015
-161748.654222	Flavobacteriaceae	Cellulophaga	Cellulophaga lytica	Cellulophaga_lytica_DSM_7489_uid63401	Flavobacteriaceae	Capnocytophaga	Capnocytophaga ochracea	Capnocytophaga_ochracea_DSM_7271_uid59197	1015
-161529.069295	Flavobacteriaceae	Cellulophaga	Cellulophaga lytica	Cellulophaga_lytica_DSM_7489_uid63401	Anaplasmataceae	Ehrlichia	Ehrlichia canis	Ehrlichia_canis_Jake_uid58071	1016
-161799.624946	Flavobacteriaceae	Cellulophaga	Cellulophaga lytica	Cellulophaga_lytica_DSM_7489_uid63401	Anaplasmataceae	Ehrlichia	Ehrlichia ruminantium	Ehrlichia_ruminantium_Welgevonden_uid58243	1016
-161458.473081	Flavobacteriaceae	Cellulophaga	Cellulophaga lytica	Cellulophaga_lytica_DSM_7489_uid63401	Anaplasmataceae	Ehrlichia	Ehrlichia chaffeensis	Ehrlichia_chaffeensis_Arkansas_uid57933	1016
-162588.329732	Flavobacteriaceae	Cellulophaga	Cellulophaga lytica	Cellulophaga_lytica_DSM_7489_uid63401	Flavobacteriaceae	Cellulophaga	Cellulophaga algicola	Cellulophaga_algicola_DSM_14237_uid62159	1016
-160624.849935	Flavobacteriaceae	Cellulophaga	Cellulophaga lytica	Cellulophaga_lytica_DSM_7489_uid63401	Flavobacteriaceae	Cellulophaga	Cellulophaga lytica	Cellulophaga_lytica_DSM_7489_uid63401	1016
-162047.347852	Flavobacteriaceae	Cellulophaga	Cellulophaga lytica	Cellulophaga_lytica_DSM_7489_uid63401	Flavobacteriaceae	Capnocytophaga	Capnocytophaga canimorsus	Capnocytophaga_canimorsus_Cc5_uid70727	1016
-162097.297792	Flavobacteriaceae	Cellulophaga	Cellulophaga lytica	Cellulophaga_lytica_DSM_7489_uid63401	Flavobacteriaceae	Capnocytophaga	Capnocytophaga ochracea	Capnocytophaga_ochracea_DSM_7271_uid59197	1016
-160823.827102	Flavobacteriaceae	Cellulophaga	Cellulophaga lytica	Cellulophaga_lytica_DSM_7489_uid63401	Anaplasmataceae	Ehrlichia	Ehrlichia canis	Ehrlichia_canis_Jake_uid58071	1017
-161035.512276	Flavobacteriaceae	Cellulophaga	Cellulophaga lytica	Cellulophaga_lytica_DSM_7489_uid63401	Anaplasmataceae	Ehrlichia	Ehrlichia ruminantium	Ehrlichia_ruminantium_Welgevonden_uid58243	1017
-160773.301294	Flavobacteriaceae	Cellulophaga	Cellulophaga lytica	Cellulophaga_lytica_DSM_7489_uid63401	Anaplasmataceae	Ehrlichia	Ehrlichia chaffeensis	Ehrlichia_chaffeensis_Arkansas_uid57933	1017
-162066.602631	Flavobacteriaceae	Cellulophaga	Cellulophaga lytica	Cellulophaga_lytica_DSM_7489_uid63401	Flavobacteriaceae	Cellulophaga	Cellulophaga algicola	Cellulophaga_algicola_DSM_14237_uid62159	1017
-160050.832699	Flavobacteriaceae	Cellulophaga	Cellulophaga lytica	Cellulophaga_lytica_DSM_7489_uid63401	Flavobacteriaceae	Cellulophaga	Cellulophaga lytica	Cellulophaga_lytica_DSM_7489_uid63401	1017
-161345.171522	Flavobacteriaceae	Cellulophaga	Cellulophaga lytica	Cellulophaga_lytica_DSM_7489_uid63401	Flavobacteriaceae	Capnocytophaga	Capnocytophaga canimorsus	Capnocytophaga_canimorsus_Cc5_uid70727	1017
-161530.039544	Flavobacteriaceae	Cellulophaga	Cellulophaga lytica	Cellulophaga_lytica_DSM_7489_uid63401	Flavobacteriaceae	Capnocytophaga	Capnocytophaga ochracea	Capnocytophaga_ochracea_DSM_7271_uid59197	1017
-160160.209812	Flavobacteriaceae	Cellulophaga	Cellulophaga lytica	Cellulophaga_lytica_DSM_7489_uid63401	Anaplasmataceae	Ehrlichia	Ehrlichia canis	Ehrlichia_canis_Jake_uid58071	1018
-160301.311048	Flavobacteriaceae	Cellulophaga	Cellulophaga lytica	Cellulophaga_lytica_DSM_7489_uid63401	Anaplasmataceae	Ehrlichia	Ehrlichia ruminantium	Ehrlichia_ruminantium_Welgevonden_uid58243	1018
-160149.572533	Flavobacteriaceae	Cellulophaga	Cellulophaga lytica	Cellulophaga_lytica_DSM_7489_uid63401	Anaplasmataceae	Ehrlichia	Ehrlichia chaffeensis	Ehrlichia_chaffeensis_Arkansas_uid57933	1018
-161597.387415	Flavobacteriaceae	Cellulophaga	Cellulophaga lytica	Cellulophaga_lytica_DSM_7489_uid63401	Flavobacteriaceae	Cellulophaga	Cellulophaga algicola	Cellulophaga_algicola_DSM_14237_uid62159	1018
-159885.877325	Flavobacteriaceae	Cellulophaga	Cellulophaga lytica	Cellulophaga_lytica_DSM_7489_uid63401	Flavobacteriaceae	Cellulophaga	Cellulophaga lytica	Cellulophaga_lytica_DSM_7489_uid63401	1018
-160381.077741	Flavobacteriaceae	Cellulophaga	Cellulophaga lytica	Cellulophaga_lytica_DSM_7489_uid63401	Flavobacteriaceae	Capnocytophaga	Capnocytophaga canimorsus	Capnocytophaga_canimorsus_Cc5_uid70727	1018
-161026.966896	Flavobacteriaceae	Cellulophaga	Cellulophaga lytica	Cellulophaga_lytica_DSM_7489_uid63401	Flavobacteriaceae	Capnocytophaga	Capnocytophaga ochracea	Capnocytophaga_ochracea_DSM_7271_uid59197	1018
-162596.239530	Flavobacteriaceae	Capnocytophaga	Capnocytophaga canimorsus	Capnocytophaga_canimorsus_Cc5_uid70727	Anaplasmataceae	Ehrlichia	Ehrlichia canis	Ehrlichia_canis_Jake_uid58071	1019
-162875.019479	Flavobacteriaceae	Capnocytophaga	Capnocytophaga canimorsus	Capnocytophaga_canimorsus_Cc5_uid70727	Anaplasmataceae	Ehrlichia	Ehrlichia ruminantium	Ehrlichia_ruminantium_Welgevonden_uid58243	1019
-162405.701638	Flavobacteriaceae	Capnocytophaga	Capnocytophaga canimorsus	Capnocytophaga_canimorsus_Cc5_uid70727	Anaplasmataceae	Ehrlichia	Ehrlichia chaffeensis	Ehrlichia_chaffeensis_Arkansas_uid57933	1019
-163097.101106	Flavobacteriaceae	Capnocytophaga	Capnocytophaga canimorsus	Capnocytophaga_canimorsus_Cc5_uid70727	Flavobacteriaceae	Cellulophaga	Cellulophaga algicola	Cellulophaga_algicola_DSM_14237_uid62159	1019
-162145.281263	Flavobacteriaceae	Capnocytophaga	Capnocytophaga canimorsus	Capnocytophaga_canimorsus_Cc5_uid70727	Flavobacteriaceae	Cellulophaga	Cellulophaga lytica	Cellulophaga_lytica_DSM_7489_uid63401	1019
-161112.336473	Flavobacteriaceae	Capnocytophaga	Capnocytophaga canimorsus	Capnocytophaga_canimorsus_Cc5_uid70727	Flavobacteriaceae	Capnocytophaga	Capnocytophaga canimorsus	Capnocytophaga_canimorsus_Cc5_uid70727	1019
-161676.071520	Flavobacteriaceae	Capnocytophaga	Capnocytophaga canimorsus	Capnocytophaga_canimorsus_Cc5_uid70727	Flavobacteriaceae	Capnocytophaga	Capnocytophaga ochracea	Capnocytophaga_ochracea_DSM_7271_uid59197	1019
-163906.466118	Flavobacteriaceae	Capnocytophaga	Capnocytophaga canimorsus	Capnocytophaga_canimorsus_Cc5_uid70727	Anaplasmataceae	Ehrlichia	Ehrlichia canis	Ehrlichia_canis_Jake_uid58071	1020
-164290.733676	Flavobacteriaceae	Capnocytophaga	Capnocytophaga canimorsus	Capnocytophaga_canimorsus_Cc5_uid70727	Anaplasmataceae	Ehrlichia	Ehrlichia ruminantium	Ehrlichia_ruminantium_Welgevonden_uid58243	1020
-163674.352604	Flavobacteriaceae	Capnocytophaga	Capnocytophaga canimorsus	Capnocytophaga_canimorsus_Cc5_uid70727	Anaplasmataceae	Ehrlichia	Ehrlichia chaffeensis	Ehrlichia_chaffeensis_Arkansas_uid57933	1020
-163686.801728	Flavobacteriaceae	Capnocytophaga	Capnocytophaga canimorsus	Capnocytophaga_canimorsus_Cc5_uid70727	Flavobacteriaceae	Cellulophaga	Cellulophaga algicola	Cellulophaga_algicola_DSM_14237_uid62159	1020
-163253.476463	Flavobacteriaceae	Capnocytophaga	Capnocytophaga canimorsus	Capnocytophaga_canimorsus_Cc5_uid70727	Flavobacteriaceae	Cellulophaga	Cellulophaga lytica	Cellulophaga_lytica_DSM_7489_uid63401	1020
-161772.493482	Flavobacteriaceae	Capnocytophaga	Capnocytophaga canimorsus	Capnocytophaga_canimorsus_Cc5_uid70727	Flavobacteriaceae	Capnocytophaga	Capnocytophaga canimorsus	Capnocytophaga_canimorsus_Cc5_uid70727	1020
-162014.995210	Flavobacteriaceae	Capnocytophaga	Capnocytophaga canimorsus	Capnocytophaga_canimorsus_Cc5_uid70727	Flavobacteriaceae	Capnocytophaga	Capnocytophaga ochracea	Capnocytophaga_ochracea_DSM_7271_uid59197	1020
-162703.639948	Flavobacteriaceae	Capnocytophaga	Capnocytophaga canimorsus	Capnocytophaga_canimorsus_Cc5_uid70727	Anaplasmataceae	Ehrlichia	Ehrlichia canis	Ehrlichia_canis_Jake_uid58071	1021
-163035.266186	Flavobacteriaceae	Capnocytophaga	Capnocytophaga canimorsus	Capnocytophaga_canimorsus_Cc5_uid70727	Anaplasmataceae	Ehrlichia	Ehrlichia ruminantium	Ehrlichia_ruminantium_Welgevonden_uid58243	1021
-162526.162102	Flavobacteriaceae	Capnocytophaga	Capnocytophaga canimorsus	Capnocytophaga_canimorsus_Cc5_uid70727	Anaplasmataceae	Ehrlichia	Ehrlichia chaffeensis	Ehrlichia_chaffeensis_Arkansas_uid57933	1021
-163264.080380	Flavobacteriaceae	Capnocytophaga	Capnocytophaga canimorsus	Capnocytophaga_canimorsus_Cc5_uid70727	Flavobacteriaceae	Cellulophaga	Cellulophaga algicola	Cellulophaga_algicola_DSM_14237_uid62159	1021
-162492.886494	Flavobacteriaceae	Capnocytophaga	Capnocytophaga canimorsus	Capnocytophaga_canimorsus_Cc5_uid70727	Flavobacteriaceae	Cellulophaga	Cellulophaga lytica	Cellulophaga_lytica_DSM_7489_uid63401	1021
-161268.169592	Flavobacteriaceae	Capnocytophaga	Capnocytophaga canimorsus	Capnocytophaga_canimorsus_Cc5_uid70727	Flavobacteriaceae	Capnocytophaga	Capnocytophaga canimorsus	Capnocytophaga_canimorsus_Cc5_uid70727	1021
-161914.065383	Flavobacteriaceae	Capnocytophaga	Capnocytophaga canimorsus	Capnocytophaga_canimorsus_Cc5_uid70727	Flavobacteriaceae	Capnocytophaga	Capnocytophaga ochracea	Capnocytophaga_ochracea_DSM_7271_uid59197	1021
-163364.919828	Flavobacteriaceae	Capnocytophaga	Capnocytophaga canimorsus	Capnocytophaga_canimorsus_Cc5_uid70727	Anaplasmataceae	Ehrlichia	Ehrlichia canis	Ehrlichia_canis_Jake_uid58071	1022
-163719.365535	Flavobacteriaceae	Capnocytophaga	Capnocytophaga canimorsus	Capnocytophaga_canimorsus_Cc5_uid70727	Anaplasmataceae	Ehrlichia	Ehrlichia ruminantium	Ehrlichia_ruminantium_Welgevonden_uid58243	1022
-163158.292878	Flavobacteriaceae	Capnocytophaga	Capnocytophaga canimorsus	Capnocytophaga_canimorsus_Cc5_uid70727	Anaplasmataceae	Ehrlichia	Ehrlichia chaffeensis	Ehrlichia_chaffeensis_Arkansas_uid57933	1022
-163564.527212	Flavobacteriaceae	Capnocytophaga	Capnocytophaga canimorsus	Capnocytophaga_canimorsus_Cc5_uid70727	Flavobacteriaceae	Cellulophaga	Cellulophaga algicola	Cellulophaga_algicola_DSM_14237_uid62159	1022
-162952.604092	Flavobacteriaceae	Capnocytophaga	Capnocytophaga canimorsus	Capnocytophaga_canimorsus_Cc5_uid70727	Flavobacteriaceae	Cellulophaga	Cellulophaga lytica	Cellulophaga_lytica_DSM_7489_uid63401	1022
-161529.199845	Flavobacteriaceae	Capnocytophaga	Capnocytophaga canimorsus	Capnocytophaga_canimorsus_Cc5_uid70727	Flavobacteriaceae	Capnocytophaga	Capnocytophaga canimorsus	Capnocytophaga_canimorsus_Cc5_uid70727	1022
-162054.093891	Flavobacteriaceae	Capnocytophaga	Capnocytophaga canimorsus	Capnocytophaga_canimorsus_Cc5_uid70727	Flavobacteriaceae	Capnocytophaga	Capnocytophaga ochracea	Capnocytophaga_ochracea_DSM_7271_uid59197	1022
-162625.154998	Flavobacteriaceae	Capnocytophaga	Capnocytophaga canimorsus	Capnocytophaga_canimorsus_Cc5_uid70727	Anaplasmataceae	Ehrlichia	Ehrlichia canis	Ehrlichia_canis_Jake_uid58071	1023
-162931.940448	Flavobacteriaceae	Capnocytophaga	Capnocytophaga canimorsus	Capnocytophaga_canimorsus_Cc5_uid70727	Anaplasmataceae	Ehrlichia	Ehrlichia ruminantium	Ehrlichia_ruminantium_Welgevonden_uid58243	1023
-162439.190154	Flavobacteriaceae	Capnocytophaga	Capnocytophaga canimorsus	Capnocytophaga_canimorsus_Cc5_uid70727	Anaplasmataceae	Ehrlichia	Ehrlichia chaffeensis	Ehrlichia_chaffeensis_Arkansas_uid57933	1023
-163395.101929	Flavobacteriaceae	Capnocytophaga	Capnocytophaga canimorsus	Capnocytophaga_canimorsus_Cc5_uid70727	Flavobacteriaceae	Cellulophaga	Cellulophaga algicola	Cellulophaga_algicola_DSM_14237_uid62159	1023
-162441.082470	Flavobacteriaceae	Capnocytophaga	Capnocytophaga canimorsus	Capnocytophaga_canimorsus_Cc5_uid70727	Flavobacteriaceae	Cellulophaga	Cellulophaga lytica	Cellulophaga_lytica_DSM_7489_uid63401	1023
-161482.065594	Flavobacteriaceae	Capnocytophaga	Capnocytophaga canimorsus	Capnocytophaga_canimorsus_Cc5_uid70727	Flavobacteriaceae	Capnocytophaga	Capnocytophaga canimorsus	Capnocytophaga_canimorsus_Cc5_uid70727	1023
-162015.037812	Flavobacteriaceae	Capnocytophaga	Capnocytophaga canimorsus	Capnocytophaga_canimorsus_Cc5_uid70727	Flavobacteriaceae	Capnocytophaga	Capnocytophaga ochracea	Capnocytophaga_ochracea_DSM_7271_uid59197	1023
-164023.471141	Flavobacteriaceae	Capnocytophaga	Capnocytophaga ochracea	Capnocytophaga_ochracea_DSM_7271_uid59197	Anaplasmataceae	Ehrlichia	Ehrlichia canis	Ehrlichia_canis_Jake_uid58071	1024
-164335.111690	Flavobacteriaceae	Capnocytophaga	Capnocytophaga ochracea	Capnocytophaga_ochracea_DSM_7271_uid59197	Anaplasmataceae	Ehrlichia	Ehrlichia ruminantium	Ehrlichia_ruminantium_Welgevonden_uid58243	1024
-163809.577120	Flavobacteriaceae	Capnocytophaga	Capnocytophaga ochracea	Capnocytophaga_ochracea_DSM_7271_uid59197	Anaplasmataceae	Ehrlichia	Ehrlichia chaffeensis	Ehrlichia_chaffeensis_Arkansas_uid57933	1024
-164332.665514	Flavobacteriaceae	Capnocytophaga	Capnocytophaga ochracea	Capnocytophaga_ochracea_DSM_7271_uid59197	Flavobacteriaceae	Cellulophaga	Cellulophaga algicola	Cellulophaga_algicola_DSM_14237_uid62159	1024
-163683.249958	Flavobacteriaceae	Capnocytophaga	Capnocytophaga ochracea	Capnocytophaga_ochracea_DSM_7271_uid59197	Flavobacteriaceae	Cellulophaga	Cellulophaga lytica	Cellulophaga_lytica_DSM_7489_uid63401	1024
-162918.536521	Flavobacteriaceae	Capnocytophaga	Capnocytophaga ochracea	Capnocytophaga_ochracea_DSM_7271_uid59197	Flavobacteriaceae	Capnocytophaga	Capnocytophaga canimorsus	Capnocytophaga_canimorsus_Cc5_uid70727	1024
-162290.230620	Flavobacteriaceae	Capnocytophaga	Capnocytophaga ochracea	Capnocytophaga_ochracea_DSM_7271_uid59197	Flavobacteriaceae	Capnocytophaga	Capnocytophaga ochracea	Capnocytophaga_ochracea_DSM_7271_uid59197	1024
-163154.703058	Flavobacteriaceae	Capnocytophaga	Capnocytophaga ochracea	Capnocytophaga_ochracea_DSM_7271_uid59197	Anaplasmataceae	Ehrlichia	Ehrlichia canis	Ehrlichia_canis_Jake_uid58071	1025
-163274.219865	Flavobacteriaceae	Capnocytophaga	Capnocytophaga ochracea	Capnocytophaga_ochracea_DSM_7271_uid59197	Anaplasmataceae	Ehrlichia	Ehrlichia ruminantium	Ehrlichia_ruminantium_Welgevonden_uid58243	1025
-162937.527336	Flavobacteriaceae	Capnocytophaga	Capnocytophaga ochracea	Capnocytophaga_ochracea_DSM_7271_uid59197	Anaplasmataceae	Ehrlichia	Ehrlichia chaffeensis	Ehrlichia_chaffeensis_Arkansas_uid57933	1025
-163595.760676	Flavobacteriaceae	Capnocytophaga	Capnocytophaga ochracea	Capnocytophaga_ochracea_DSM_7271_uid59197	Flavobacteriaceae	Cellulophaga	Cellulophaga algicola	Cellulophaga_algicola_DSM_14237_uid62159	1025
-162814.746527	Flavobacteriaceae	Capnocytophaga	Capnocytophaga ochracea	Capnocytophaga_ochracea_DSM_7271_uid59197	Flavobacteriaceae	Cellulophaga	Cellulophaga lytica	Cellulophaga_lytica_DSM_7489_uid63401	1025
-162762.907424	Flavobacteriaceae	Capnocytophaga	Capnocytophaga ochracea	Capnocytophaga_ochracea_DSM_7271_uid59197	Flavobacteriaceae	Capnocytophaga	Capnocytophaga canimorsus	Capnocytophaga_canimorsus_Cc5_uid70727	1025
-162262.702033	Flavobacteriaceae	Capnocytophaga	Capnocytophaga ochracea	Capnocytophaga_ochracea_DSM_7271_uid59197	Flavobacteriaceae	Capnocytophaga	Capnocytophaga ochracea	Capnocytophaga_ochracea_DSM_7271_uid59197	1025
-164967.642372	Flavobacteriaceae	Capnocytophaga	Capnocytophaga ochracea	Capnocytophaga_ochracea_DSM_7271_uid59197	Anaplasmataceae	Ehrlichia	Ehrlichia canis	Ehrlichia_canis_Jake_uid58071	1026
-165326.387465	Flavobacteriaceae	Capnocytophaga	Capnocytophaga ochracea	Capnocytophaga_ochracea_DSM_7271_uid59197	Anaplasmataceae	Ehrlichia	Ehrlichia ruminantium	Ehrlichia_ruminantium_Welgevonden_uid58243	1026
-164686.080262	Flavobacteriaceae	Capnocytophaga	Capnocytophaga ochracea	Capnocytophaga_ochracea_DSM_7271_uid59197	Anaplasmataceae	Ehrlichia	Ehrlichia chaffeensis	Ehrlichia_chaffeensis_Arkansas_uid57933	1026
-164483.094835	Flavobacteriaceae	Capnocytophaga	Capnocytophaga ochracea	Capnocytophaga_ochracea_DSM_7271_uid59197	Flavobacteriaceae	Cellulophaga	Cellulophaga algicola	Cellulophaga_algicola_DSM_14237_uid62159	1026
-164306.888805	Flavobacteriaceae	Capnocytophaga	Capnocytophaga ochracea	Capnocytophaga_ochracea_DSM_7271_uid59197	Flavobacteriaceae	Cellulophaga	Cellulophaga lytica	Cellulophaga_lytica_DSM_7489_uid63401	1026
-163024.567600	Flavobacteriaceae	Capnocytophaga	Capnocytophaga ochracea	Capnocytophaga_ochracea_DSM_7271_uid59197	Flavobacteriaceae	Capnocytophaga	Capnocytophaga canimorsus	Capnocytophaga_canimorsus_Cc5_uid70727	1026
-162415.407447	Flavobacteriaceae	Capnocytophaga	Capnocytophaga ochracea	Capnocytophaga_ochracea_DSM_7271_uid59197	Flavobacteriaceae	Capnocytophaga	Capnocytophaga ochracea	Capnocytophaga_ochracea_DSM_7271_uid59197	1026
-163882.333459	Flavobacteriaceae	Capnocytophaga	Capnocytophaga ochracea	Capnocytophaga_ochracea_DSM_7271_uid59197	Anaplasmataceae	Ehrlichia	Ehrlichia canis	Ehrlichia_canis_Jake_uid58071	1027
-164183.379712	Flavobacteriaceae	Capnocytophaga	Capnocytophaga ochracea	Capnocytophaga_ochracea_DSM_7271_uid59197	Anaplasmataceae	Ehrlichia	Ehrlichia ruminantium	Ehrlichia_ruminantium_Welgevonden_uid58243	1027
-163666.006950	Flavobacteriaceae	Capnocytophaga	Capnocytophaga ochracea	Capnocytophaga_ochracea_DSM_7271_uid59197	Anaplasmataceae	Ehrlichia	Ehrlichia chaffeensis	Ehrlichia_chaffeensis_Arkansas_uid57933	1027
-164261.496783	Flavobacteriaceae	Capnocytophaga	Capnocytophaga ochracea	Capnocytophaga_ochracea_DSM_7271_uid59197	Flavobacteriaceae	Cellulophaga	Cellulophaga algicola	Cellulophaga_algicola_DSM_14237_uid62159	1027
-163486.472736	Flavobacteriaceae	Capnocytophaga	Capnocytophaga ochracea	Capnocytophaga_ochracea_DSM_7271_uid59197	Flavobacteriaceae	Cellulophaga	Cellulophaga lytica	Cellulophaga_lytica_DSM_7489_uid63401	1027
-162898.642173	Flavobacteriaceae	Capnocytophaga	Capnocytophaga ochracea	Capnocytophaga_ochracea_DSM_7271_uid59197	Flavobacteriaceae	Capnocytophaga	Capnocytophaga canimorsus	Capnocytophaga_canimorsus_Cc5_uid70727	1027
-162303.210447	Flavobacteriaceae	Capnocytophaga	Capnocytophaga ochracea	Capnocytophaga_ochracea_DSM_7271_uid59197	Flavobacteriaceae	Capnocytophaga	Capnocytophaga ochracea	Capnocytophaga_ochracea_DSM_7271_uid59197	1027
-165038.682216	Flavobacteriaceae	Capnocytophaga	Capnocytophaga ochracea	Capnocytophaga_ochracea_DSM_7271_uid59197	Anaplasmataceae	Ehrlichia	Ehrlichia canis	Ehrlichia_canis_Jake_uid58071	1028
-165358.650911	Flavobacteriaceae	Capnocytophaga	Capnocytophaga ochracea	Capnocytophaga_ochracea_DSM_7271_uid59197	Anaplasmataceae	Ehrlichia	Ehrlichia ruminantium	Ehrlichia_ruminantium_Welgevonden_uid58243	1028
-164745.137421	Flavobacteriaceae	Capnocytophaga	Capnocytophaga ochracea	Capnocytophaga_ochracea_DSM_7271_uid59197	Anaplasmataceae	Ehrlichia	Ehrlichia chaffeensis	Ehrlichia_chaffeensis_Arkansas_uid57933	1028
-164647.009431	Flavobacteriaceae	Capnocytophaga	Capnocytophaga ochracea	Capnocytophaga_ochracea_DSM_7271_uid59197	Flavobacteriaceae	Cellulophaga	Cellulophaga algicola	Cellulophaga_algicola_DSM_14237_uid62159	1028
-164453.430967	Flavobacteriaceae	Capnocytophaga	Capnocytophaga ochracea	Capnocytophaga_ochracea_DSM_7271_uid59197	Flavobacteriaceae	Cellulophaga	Cellulophaga lytica	Cellulophaga_lytica_DSM_7489_uid63401	1028
-163272.253444	Flavobacteriaceae	Capnocytophaga	Capnocytophaga ochracea	Capnocytophaga_ochracea_DSM_7271_uid59197	Flavobacteriaceae	Capnocytophaga	Capnocytophaga canimorsus	Capnocytophaga_canimorsus_Cc5_uid70727	1028
-162539.556125	Flavobacteriaceae	Capnocytophaga	Capnocytophaga ochracea	Capnocytophaga_ochracea_DSM_7271_uid59197	Flavobacteriaceae	Capnocytophaga	Capnocytophaga ochracea	Capnocytophaga_ochracea_DSM_7271_uid59197	1028
Wrote profile results to score_contigs_dirichlet.py.lprof
